Feature 1,Feature 2,Feature 3,Feature 4,Feature 5,Feature 6,Feature 7,Feature 8,Feature 9,Feature 10
0.1,0.7142857143,0.01,0.6666666667,0.2631578947,0.1333333333,1,0.75,1,0.0025
0.2,0.1428571429,0.05,0.5,0.1578947368,0.0386666667,0.2,0.5,0.75,0.00125
1,0.0428571429,1,0,1,1,0,1,0,1
0.35,1,0.07,1,0.0526315789,0.0133333333,0.1666666667,0.25,0.75,0.00625
0.01,0.2857142857,0.09,0.6666666667,0.1052631579,0.0066666667,0.0533333333,0.75,1,0.0025
0.12,0.2571428571,0.1,0.1666666667,0.0105263158,0.0033333333,0.0666666667,0.5,0.25,0.00125
